Mean,Max,Min
0.626144006307369,0.75061786,0.4868421
